{
    "cords": [53.218569, 6.569513],
    "moeilijkheid": 1
}