{
    "cords": [53.21939317187834, 6.569244861602784],
    "moeilijkheid": 1
}