{
    "cords": [53.220733, 6.570764],
    "moeilijkheid": 1
}