{
    "cords": [53.217502, 6.570567],
    "moeilijkheid": 1
}