{
    "cords": [53.218574, 6.566366],
    "moeilijkheid": 1
}