{
    "cords": [53.2244015, 6.5681844],
    "moeilijkheid": 1
}