{
    "cords": [53.219614, 6.570511],
    "moeilijkheid": 1
}