{
    "cords": [53.1942775, 6.5428194],
    "moeilijkheid": 1
}