{
    "cords": [53.212141, 6.565642],
    "moeilijkheid": 1
}