{
    "cords": [53.303636, 6.403869],
    "moeilijkheid": 1
}