{
    "cords": [53.216927, 6.574094],
    "moeilijkheid": 1
}