{
    "cords": [53.217309, 6.571153],
    "moeilijkheid": 1
}