{
    "cords": [53.218773, 6.569696],
    "moeilijkheid": 1
}