{
    "cords": [53.211448, 6.564357],
    "moeilijkheid": 1
}