{
    "cords": [53.212690, 6.565551],
    "moeilijkheid": 1
}