{
    "cords": [53.218679, 6.569250],
    "moeilijkheid": 1
}