{
    "cords": [53.2206846, 6.5768281],
    "moeilijkheid": 1
}