{
    "cords": [53.219768, 6.569528],
    "moeilijkheid": 1
}